Time,AP[MW],BP[MW],CP[MW]
00:00:00, 0, 0, 0
00:15:00, 0, 0, 0
00:30:00, 0, 0, 0
00:45:00, 0, 0, 0
01:00:00, 0, 0, 0
01:15:00, 0, 0, 0
01:30:00, 0, 0, 0
01:45:00, 0, 0, 0
02:00:00, 0, 0, 0
02:15:00, 0, 0, 0
02:30:00, 0, 0, 0
02:45:00, 0, 0, 0
03:00:00, 0, 0, 0
03:15:00, 0, 0, 0
03:30:00, 0, 0, 0
03:45:00, 0, 0, 0
04:00:00, 0, 0, 0
04:15:00, 0, 0, 0
04:30:00, 0, 0, 0
04:45:00, 0, 0, 0
05:00:00, 0, 0, 0
05:15:00, 0, 0, 0
05:30:00, 0, 0, 0
05:45:00, 0, 0, 0
06:00:00, 0, 0, 0
06:15:00, 0, 0, 0
06:30:00, 0, 0, 0
06:45:00, 0, 0, 0
07:00:00, 0, 0, 0
07:15:00, 0, 0, 0
07:30:00, 0, 0, 0
07:45:00, 0, 0, 0
08:00:00, 0, 0, 0
08:15:00, 0, 0, 0
08:30:00, 0, 0, 0
08:45:00, 0, 0, 0
09:00:00, 0, 0, 0
09:15:00, 0, 0, 0
09:30:00, 0, 0, 0
09:45:00, 0, 0, 0
10:00:00, 0, 0, 0
10:15:00, 0, 0, 0
10:30:00, 0, 0, 0
10:45:00, 0, 0, 0
11:00:00, 0, 0, 0
11:15:00, 0, 0, 0
11:30:00, 0, 0, 0
11:45:00, 0, 0, 0
12:00:00, 0, 0, 0
12:15:00, 0, 0, 0
12:30:00, 0, 0, 0
12:45:00, 0, 0, 0
13:00:00, 0, 0, 0
13:15:00, 0, 0, 0
13:30:00, 0, 0, 0
13:45:00, 0, 0, 0
14:00:00, 0, 0, 0
14:15:00, 0, 0, 0
14:30:00, 0, 0, 0
14:45:00, 0, 0, 0
15:00:00, 0, 0, 0
15:15:00, 0, 0, 0
15:30:00, 0, 0, 0
15:45:00, 0, 0, 0
16:00:00, 0, 0, 0
16:15:00, 0, 0, 0
16:30:00, 0, 0, 0
16:45:00, 0, 0, 0
17:00:00, 0, 0, 0
17:15:00, 0, 0, 0
17:30:00, 0, 0, 0
17:45:00, 0, 0, 0
18:00:00, 0, 0, 0
18:15:00, 0, 0, 0
18:30:00, 0, 0, 0
18:45:00, 0, 0, 0
19:00:00, 0, 0, 0
19:15:00, 0.0039075333952419085, 0, 0
19:30:00, 0, 0.0035315468843916369, 0
19:45:00, 0.0040740304357835386, 0, 0
20:00:00, -0.0050409997687146273, 0, 0
20:15:00, 0, -0.0047239997759573953, 0
20:30:00, 0, -0.0048629997726582594, 0
20:45:00, -0.0046109997784908616, 0, 0
21:00:00, 0, 0.0048909999209397936, 0
21:15:00, 0, 0.0047219999210288934, 0
21:30:00, 0, 0, 0.0050989999207407815
21:45:00, 0, 0.0046769999210690711, 0
22:00:00, 0.0049009999518683118, 0, 0
22:15:00, 0.0050499999518038061, 0, 0
22:30:00, 0, 0.0046819999520146469, 0
22:45:00, 0.0048149999520502247, 0, 0
23:00:00, 0, 0, 0
23:15:00, 0, 0, 0
23:30:00, 0, 0, 0
23:45:00, 0, 0, 0