Time,AP[MW],BP[MW],CP[MW]
00:00:00, 0, 0, 0
00:15:00, 0, 0, 0
00:30:00, 0, 0, 0
00:45:00, 0, 0, 0
01:00:00, 0, 0, 0
01:15:00, 0, 0, 0
01:30:00, 0, 0, 0
01:45:00, 0, 0, 0
02:00:00, 0, 0, 0
02:15:00, 0, 0, 0
02:30:00, 0, 0, 0
02:45:00, 0, 0, 0
03:00:00, 0, 0, 0
03:15:00, 0, 0, 0
03:30:00, 0, 0, 0
03:45:00, 0, 0, 0
04:00:00, 0, 0, 0
04:15:00, 0, 0, 0
04:30:00, 0, 0, 0
04:45:00, 0, 0, 0
05:00:00, 0, 0, 0
05:15:00, 0, 0, 0
05:30:00, 0, 0, 0
05:45:00, 0, 0, 0
06:00:00, 0, 0, 0
06:15:00, 0, 0, 0
06:30:00, 0, 0, 0
06:45:00, 0, 0, 0
07:00:00, 0, 0, 0
07:15:00, 0, 0, 0
07:30:00, 0, 0, 0
07:45:00, 0, 0, 0
08:00:00, 0, 0, 0
08:15:00, 0, 0, 0
08:30:00, 0, 0, 0
08:45:00, 0, 0, 0
09:00:00, 0, 0, 0
09:15:00, 0, 0, 0
09:30:00, 0, 0, 0
09:45:00, 0, 0, 0
10:00:00, 0, 0, 0
10:15:00, 0, 0, 0
10:30:00, 0, 0, 0
10:45:00, 0, 0, 0
11:00:00, 0, 0, 0
11:15:00, 0, 0, 0
11:30:00, 0, 0, 0
11:45:00, 0, 0, 0
12:00:00, 0, 0, 0
12:15:00, 0, 0, 0
12:30:00, 0, 0, 0
12:45:00, 0, 0, 0
13:00:00, 0, 0, 0
13:15:00, 0, 0, 0
13:30:00, 0, 0, 0
13:45:00, 0, 0, 0
14:00:00, 0, 0, 0
14:15:00, 0, 0, 0
14:30:00, 0, 0, 0
14:45:00, 0, 0, 0
15:00:00, 0, 0, 0
15:15:00, 0, 0, 0
15:30:00, 0, 0, 0
15:45:00, 0, 0, 0
16:00:00, 0, 0, 0
16:15:00, 0, 0, 0
16:30:00, 0, 0, 0
16:45:00, 0, 0, 0
17:00:00, 0, 0, 0
17:15:00, 0, 0, 0
17:30:00, 0, 0, 0
17:45:00, 0, 0, 0
18:00:00, 0, 0, 0
18:15:00, 0, 0, 0
18:30:00, 0, 0, 0
18:45:00, 0, 0, 0
19:00:00, 0, 0, 0
19:15:00, 0, 0.0054588908920007126, 0
19:30:00, 0, 0.00055416238326210276, 0
19:45:00, 0, 0, 0.0054460576236202405
20:00:00, 0, -0.0046649998077086590, 0
20:15:00, 0, -0.0047239998070219293, 0
20:30:00, 0, -0.0048629998053649501, 0
20:45:00, 0, -0.0049279998050817575, 0
21:00:00, 0.0048099999090890728, 0, 0
21:15:00, 0, 0.0047219999091894040, 0
21:30:00, 0, 0.0051199999087674106, 0
21:45:00, 0, 0, 0.0048929999089803742
22:00:00, 0, 0, 0.0049459999503315304
22:15:00, 0.0050499999502914052, 0, 0
22:30:00, 0, 0.0046819999503909022, 0
22:45:00, 0, 0, 0.0046089999503656278
23:00:00, 0, 0, 0
23:15:00, 0, 0, 0
23:30:00, 0, 0, 0
23:45:00, 0, 0, 0